Country Name,Country Code,new code,latitude,longitude,Indicator Name,Indicator Code,1960,1961,1962,1963,1964,1965,1966,1967,1968,1969,1970,1971,1972,1973,1974,1975,1976,1977,1978,1979,1980,1981,1982,1983,1984,1985,1986,1987,1988,1989,1990,1991,1992,1993,1994,1995,1996,1997,1998,1999,2000,2001,2002,2003,2004,2005,2006,2007,2008,2009,2010,2011,2012,2013,2014,2015,2016,2017,2018,2019,2020
Aruba,ABW,AW,12.52111,-69.968338,Firms with female participation in ownership (% of firms),IC.FRM.FEMO.ZS,,,,,,,,,,,,,,,,,,,,,,,,,,,,,,,,,,,,,,,,,,,,,,,,,,,,,,,,,,,,,
Afghanistan,AFG,AF,33.93911,67.709953,Firms with female participation in ownership (% of firms),IC.FRM.FEMO.ZS,,,,,,,,,,,,,,,,,,,,,,,,,,,,,,,,,,,,,,,,,,,,,,,,,2.8,,,,,,2.2,,,,,,
Angola,AGO,AO,-11.202692,17.873887,Firms with female participation in ownership (% of firms),IC.FRM.FEMO.ZS,,,,,,,,,,,,,,,,,,,,,,,,,,,,,,,,,,,,,,,,,,,,,,,23.4,,,,56.6,,,,,,,,,,
Albania,ALB,AL,41.153332,20.168331,Firms with female participation in ownership (% of firms),IC.FRM.FEMO.ZS,,,,,,,,,,,,,,,,,,,,,,,,,,,,,,,,,,,,,,,,,,,,,,12.8,,10.8,,,,,,13.1,,,,,,20.7,
Andorra,AND,AD,42.546245,1.601554,Firms with female participation in ownership (% of firms),IC.FRM.FEMO.ZS,,,,,,,,,,,,,,,,,,,,,,,,,,,,,,,,,,,,,,,,,,,,,,,,,,,,,,,,,,,,,
Arab World,ARB,#N/A,#N/A,#N/A,Firms with female participation in ownership (% of firms),IC.FRM.FEMO.ZS,,,,,,,,,,,,,,,,,,,,,,,,,,,,,,,,,,,,,,,,,,,,,,,,,,,,,,,,,,,,14.43636364,
United Arab Emirates,ARE,AE,23.424076,53.847818,Firms with female participation in ownership (% of firms),IC.FRM.FEMO.ZS,,,,,,,,,,,,,,,,,,,,,,,,,,,,,,,,,,,,,,,,,,,,,,,,,,,,,,,,,,,,,
Argentina,ARG,AR,-38.416097,-63.616672,Firms with female participation in ownership (% of firms),IC.FRM.FEMO.ZS,,,,,,,,,,,,,,,,,,,,,,,,,,,,,,,,,,,,,,,,,,,,,,,30.3,,,,38,,,,,,,57.8,,,
Armenia,ARM,AM,40.069099,45.038189,Firms with female participation in ownership (% of firms),IC.FRM.FEMO.ZS,,,,,,,,,,,,,,,,,,,,,,,,,,,,,,,,,,,,,,,,,,,,,,11.5,,,,31.8,,,,24.4,,,,,,,27.4
American Samoa,ASM,AS,-14.270972,-170.132217,Firms with female participation in ownership (% of firms),IC.FRM.FEMO.ZS,,,,,,,,,,,,,,,,,,,,,,,,,,,,,,,,,,,,,,,,,,,,,,,,,,,,,,,,,,,,,
Antigua and Barbuda,ATG,AG,17.060816,-61.796428,Firms with female participation in ownership (% of firms),IC.FRM.FEMO.ZS,,,,,,,,,,,,,,,,,,,,,,,,,,,,,,,,,,,,,,,,,,,,,,,,,,,21.3,,,,,,,,,,
Australia,AUS,AU,-25.274398,133.775136,Firms with female participation in ownership (% of firms),IC.FRM.FEMO.ZS,,,,,,,,,,,,,,,,,,,,,,,,,,,,,,,,,,,,,,,,,,,,,,,,,,,,,,,,,,,,,
Austria,AUT,AT,47.516231,14.550072,Firms with female participation in ownership (% of firms),IC.FRM.FEMO.ZS,,,,,,,,,,,,,,,,,,,,,,,,,,,,,,,,,,,,,,,,,,,,,,,,,,,,,,,,,,,,,
Azerbaijan,AZE,AZ,40.143105,47.576927,Firms with female participation in ownership (% of firms),IC.FRM.FEMO.ZS,,,,,,,,,,,,,,,,,,,,,,,,,,,,,,,,,,,,,,,,,,,,,,14.6,,,,10.8,,,,4,,,,,,15.3,
Burundi,BDI,BI,-3.373056,29.918886,Firms with female participation in ownership (% of firms),IC.FRM.FEMO.ZS,,,,,,,,,,,,,,,,,,,,,,,,,,,,,,,,,,,,,,,,,,,,,,,34.8,,,,,,,,44,,,,,,
Belgium,BEL,BE,50.503887,4.469936,Firms with female participation in ownership (% of firms),IC.FRM.FEMO.ZS,,,,,,,,,,,,,,,,,,,,,,,,,,,,,,,,,,,,,,,,,,,,,,,,,,,,,,,,,,,,,
Benin,BEN,BJ,9.30769,2.315834,Firms with female participation in ownership (% of firms),IC.FRM.FEMO.ZS,,,,,,,,,,,,,,,,,,,,,,,,,,,,,,,,,,,,,,,,,,,,,,,,,,45.4,,,,,,,36.7,,,,
Burkina Faso,BFA,BF,12.238333,-1.561593,Firms with female participation in ownership (% of firms),IC.FRM.FEMO.ZS,,,,,,,,,,,,,,,,,,,,,,,,,,,,,,,,,,,,,,,,,,,,,,,23.3,,,19.2,,,,,,,,,,,
Bangladesh,BGD,BD,23.684994,90.356331,Firms with female participation in ownership (% of firms),IC.FRM.FEMO.ZS,,,,,,,,,,,,,,,,,,,,,,,,,,,,,,,,,,,,,,,,,,,,,,,,16.1,,,,,,12.7,,,,,,,
Bulgaria,BGR,BG,42.733883,25.48583,Firms with female participation in ownership (% of firms),IC.FRM.FEMO.ZS,,,,,,,,,,,,,,,,,,,,,,,,,,,,,,,,,,,,,,,,,,,,,,28.8,,39.2,,33.9,,,,41.5,,,,,,41.7,
Bahrain,BHR,BH,25.930414,50.637772,Firms with female participation in ownership (% of firms),IC.FRM.FEMO.ZS,,,,,,,,,,,,,,,,,,,,,,,,,,,,,,,,,,,,,,,,,,,,,,,,,,,,,,,,,,,,,
"Bahamas, The",BHS,#N/A,#N/A,#N/A,Firms with female participation in ownership (% of firms),IC.FRM.FEMO.ZS,,,,,,,,,,,,,,,,,,,,,,,,,,,,,,,,,,,,,,,,,,,,,,,,,,,58.3,,,,,,,,,,
Bosnia and Herzegovina,BIH,BA,43.915886,17.679076,Firms with female participation in ownership (% of firms),IC.FRM.FEMO.ZS,,,,,,,,,,,,,,,,,,,,,,,,,,,,,,,,,,,,,,,,,,,,,,21.6,,,,32.8,,,,22.8,,,,,,24.9,
Belarus,BLR,BY,53.709807,27.953389,Firms with female participation in ownership (% of firms),IC.FRM.FEMO.ZS,,,,,,,,,,,,,,,,,,,,,,,,,,,,,,,,,,,,,,,,,,,,,,18.6,,,52.9,,,,,46.2,,,,,45.5,,
Belize,BLZ,BZ,17.189877,-88.49765,Firms with female participation in ownership (% of firms),IC.FRM.FEMO.ZS,,,,,,,,,,,,,,,,,,,,,,,,,,,,,,,,,,,,,,,,,,,,,,,,,,,30.4,,,,,,,,,,
Bermuda,BMU,BM,32.321384,-64.75737,Firms with female participation in ownership (% of firms),IC.FRM.FEMO.ZS,,,,,,,,,,,,,,,,,,,,,,,,,,,,,,,,,,,,,,,,,,,,,,,,,,,,,,,,,,,,,
Bolivia,BOL,BO,-16.290154,-63.588653,Firms with female participation in ownership (% of firms),IC.FRM.FEMO.ZS,,,,,,,,,,,,,,,,,,,,,,,,,,,,,,,,,,,,,,,,,,,,,,,41.1,,,,41.3,,,,,,,68.6,,,
Brazil,BRA,BR,-14.235004,-51.92528,Firms with female participation in ownership (% of firms),IC.FRM.FEMO.ZS,,,,,,,,,,,,,,,,,,,,,,,,,,,,,,,,,,,,,,,,,,,,,,,,,,50.2,,,,,,,,,,,
Barbados,BRB,BB,13.193887,-59.543198,Firms with female participation in ownership (% of firms),IC.FRM.FEMO.ZS,,,,,,,,,,,,,,,,,,,,,,,,,,,,,,,,,,,,,,,,,,,,,,,,,,,43.5,,,,,,,,,,
Brunei Darussalam,BRN,#N/A,#N/A,#N/A,Firms with female participation in ownership (% of firms),IC.FRM.FEMO.ZS,,,,,,,,,,,,,,,,,,,,,,,,,,,,,,,,,,,,,,,,,,,,,,,,,,,,,,,,,,,,,
Bhutan,BTN,BT,27.514162,90.433601,Firms with female participation in ownership (% of firms),IC.FRM.FEMO.ZS,,,,,,,,,,,,,,,,,,,,,,,,,,,,,,,,,,,,,,,,,,,,,,,,,,31.3,,,,,,43.3,,,,,
Botswana,BWA,BW,-22.328474,24.684866,Firms with female participation in ownership (% of firms),IC.FRM.FEMO.ZS,,,,,,,,,,,,,,,,,,,,,,,,,,,,,,,,,,,,,,,,,,,,,,,40.9,,,,55.3,,,,,,,,,,
Central African Republic,CAF,CF,6.611111,20.939444,Firms with female participation in ownership (% of firms),IC.FRM.FEMO.ZS,,,,,,,,,,,,,,,,,,,,,,,,,,,,,,,,,,,,,,,,,,,,,,,,,,,,53.3,,,,,,,,,
Canada,CAN,CA,56.130366,-106.346771,Firms with female participation in ownership (% of firms),IC.FRM.FEMO.ZS,,,,,,,,,,,,,,,,,,,,,,,,,,,,,,,,,,,,,,,,,,,,,,,,,,,,,,,,,,,,,
Central Europe and the Baltics,CEB,#N/A,#N/A,#N/A,Firms with female participation in ownership (% of firms),IC.FRM.FEMO.ZS,,,,,,,,,,,,,,,,,,,,,,,,,,,,,,,,,,,,,,,,,,,,,,,,,,,,,,,,,,,,37.52727273,
Switzerland,CHE,CH,46.818188,8.227512,Firms with female participation in ownership (% of firms),IC.FRM.FEMO.ZS,,,,,,,,,,,,,,,,,,,,,,,,,,,,,,,,,,,,,,,,,,,,,,,,,,,,,,,,,,,,,
Channel Islands,CHI,#N/A,#N/A,#N/A,Firms with female participation in ownership (% of firms),IC.FRM.FEMO.ZS,,,,,,,,,,,,,,,,,,,,,,,,,,,,,,,,,,,,,,,,,,,,,,,,,,,,,,,,,,,,,
Chile,CHL,CL,-35.675147,-71.542969,Firms with female participation in ownership (% of firms),IC.FRM.FEMO.ZS,,,,,,,,,,,,,,,,,,,,,,,,,,,,,,,,,,,,,,,,,,,,,,,27.8,,,,29.6,,,,,,,,,,
China,CHN,CN,35.86166,104.195397,Firms with female participation in ownership (% of firms),IC.FRM.FEMO.ZS,,,,,,,,,,,,,,,,,,,,,,,,,,,,,,,,,,,,,,,,,,,,,,,,,,,,,64.2,,,,,,,,
Cote d'Ivoire,CIV,#N/A,#N/A,#N/A,Firms with female participation in ownership (% of firms),IC.FRM.FEMO.ZS,,,,,,,,,,,,,,,,,,,,,,,,,,,,,,,,,,,,,,,,,,,,,,,,,,61.9,,,,,,,24.4,,,,
Cameroon,CMR,CM,7.369722,12.354722,Firms with female participation in ownership (% of firms),IC.FRM.FEMO.ZS,,,,,,,,,,,,,,,,,,,,,,,,,,,,,,,,,,,,,,,,,,,,,,,35.3,,,15.7,,,,,,,39.7,,,,
"Congo, Dem. Rep.",COD,#N/A,#N/A,#N/A,Firms with female participation in ownership (% of firms),IC.FRM.FEMO.ZS,,,,,,,,,,,,,,,,,,,,,,,,,,,,,,,,,,,,,,,,,,,,,,,21.2,,,,38.9,,,15.1,,,,,,,
"Congo, Rep.",COG,#N/A,#N/A,#N/A,Firms with female participation in ownership (% of firms),IC.FRM.FEMO.ZS,,,,,,,,,,,,,,,,,,,,,,,,,,,,,,,,,,,,,,,,,,,,,,,,,,31.8,,,,,,,,,,,
Colombia,COL,CO,4.570868,-74.297333,Firms with female participation in ownership (% of firms),IC.FRM.FEMO.ZS,,,,,,,,,,,,,,,,,,,,,,,,,,,,,,,,,,,,,,,,,,,,,,,43,,,,35.3,,,,,,,66.9,,,
Comoros,COM,KM,-11.875001,43.872219,Firms with female participation in ownership (% of firms),IC.FRM.FEMO.ZS,,,,,,,,,,,,,,,,,,,,,,,,,,,,,,,,,,,,,,,,,,,,,,,,,,,,,,,,,,,,,
Cabo Verde,CPV,#N/A,#N/A,#N/A,Firms with female participation in ownership (% of firms),IC.FRM.FEMO.ZS,,,,,,,,,,,,,,,,,,,,,,,,,,,,,,,,,,,,,,,,,,,,,,,42.7,,,33.1,,,,,,,,,,,
Costa Rica,CRI,CR,9.748917,-83.753428,Firms with female participation in ownership (% of firms),IC.FRM.FEMO.ZS,,,,,,,,,,,,,,,,,,,,,,,,,,,,,,,,,,,,,,,,,,,,,,65.3,,,,,43.5,,,,,,,,,,
Caribbean small states,CSS,#N/A,#N/A,#N/A,Firms with female participation in ownership (% of firms),IC.FRM.FEMO.ZS,,,,,,,,,,,,,,,,,,,,,,,,,,,,,,,,,,,,,,,,,,,,,,,,,,,,,,,,,,,,45.53846154,
Cuba,CUB,CU,21.521757,-77.781167,Firms with female participation in ownership (% of firms),IC.FRM.FEMO.ZS,,,,,,,,,,,,,,,,,,,,,,,,,,,,,,,,,,,,,,,,,,,,,,,,,,,,,,,,,,,,,
Curacao,CUW,#N/A,#N/A,#N/A,Firms with female participation in ownership (% of firms),IC.FRM.FEMO.ZS,,,,,,,,,,,,,,,,,,,,,,,,,,,,,,,,,,,,,,,,,,,,,,,,,,,,,,,,,,,,,
Cayman Islands,CYM,KY,19.513469,-80.566956,Firms with female participation in ownership (% of firms),IC.FRM.FEMO.ZS,,,,,,,,,,,,,,,,,,,,,,,,,,,,,,,,,,,,,,,,,,,,,,,,,,,,,,,,,,,,,
Cyprus,CYP,CY,35.126413,33.429859,Firms with female participation in ownership (% of firms),IC.FRM.FEMO.ZS,,,,,,,,,,,,,,,,,,,,,,,,,,,,,,,,,,,,,,,,,,,,,,,,,,,,,,,,,,,,45.1,
Czech Republic,CZE,CZ,49.817492,15.472962,Firms with female participation in ownership (% of firms),IC.FRM.FEMO.ZS,,,,,,,,,,,,,,,,,,,,,,,,,,,,,,,,,,,,,,,,,,,,,,17.8,,,,25,,,,30.4,,,,,,29.9,
Germany,DEU,DE,51.165691,10.451526,Firms with female participation in ownership (% of firms),IC.FRM.FEMO.ZS,,,,,,,,,,,,,,,,,,,,,,,,,,,,,,,,,,,,,,,,,,,,,,20.3,,,,,,,,,,,,,,,
Djibouti,DJI,DJ,11.825138,42.590275,Firms with female participation in ownership (% of firms),IC.FRM.FEMO.ZS,,,,,,,,,,,,,,,,,,,,,,,,,,,,,,,,,,,,,,,,,,,,,,,,,,,,,,22.3,,,,,,,
Dominica,DMA,DM,15.414999,-61.370976,Firms with female participation in ownership (% of firms),IC.FRM.FEMO.ZS,,,,,,,,,,,,,,,,,,,,,,,,,,,,,,,,,,,,,,,,,,,,,,,,,,,41,,,,,,,,,,
Denmark,DNK,DK,56.26392,9.501785,Firms with female participation in ownership (% of firms),IC.FRM.FEMO.ZS,,,,,,,,,,,,,,,,,,,,,,,,,,,,,,,,,,,,,,,,,,,,,,,,,,,,,,,,,,,,,
Dominican Republic,DOM,DO,18.735693,-70.162651,Firms with female participation in ownership (% of firms),IC.FRM.FEMO.ZS,,,,,,,,,,,,,,,,,,,,,,,,,,,,,,,,,,,,,,,,,,,,,,,,,,,30,,,,,,32.2,,,,
Algeria,DZA,DZ,28.033886,1.659626,Firms with female participation in ownership (% of firms),IC.FRM.FEMO.ZS,,,,,,,,,,,,,,,,,,,,,,,,,,,,,,,,,,,,,,,,,,,,,,,,15,,,,,,,,,,,,,
East Asia & Pacific (excluding high income),EAP,#N/A,#N/A,#N/A,Firms with female participation in ownership (% of firms),IC.FRM.FEMO.ZS,,,,,,,,,,,,,,,,,,,,,,,,,,,,,,,,,,,,,,,,,,,,,,,,,,,,,,,,,,,,47.4,
Early-demographic dividend,EAR,#N/A,#N/A,#N/A,Firms with female participation in ownership (% of firms),IC.FRM.FEMO.ZS,,,,,,,,,,,,,,,,,,,,,,,,,,,,,,,,,,,,,,,,,,,,,,,,,,,,,,,,,,,,35.00222222,
East Asia & Pacific,EAS,#N/A,#N/A,#N/A,Firms with female participation in ownership (% of firms),IC.FRM.FEMO.ZS,,,,,,,,,,,,,,,,,,,,,,,,,,,,,,,,,,,,,,,,,,,,,,,,,,,,,,,,,,,,47.4,
Europe & Central Asia (excluding high income),ECA,#N/A,#N/A,#N/A,Firms with female participation in ownership (% of firms),IC.FRM.FEMO.ZS,,,,,,,,,,,,,,,,,,,,,,,,,,,,,,,,,,,,,,,,,,,,,,,,,,,,,,,,,,,,28.15263158,
Europe & Central Asia,ECS,#N/A,#N/A,#N/A,Firms with female participation in ownership (% of firms),IC.FRM.FEMO.ZS,,,,,,,,,,,,,,,,,,,,,,,,,,,,,,,,,,,,,,,,,,,,,,,,,,,,,,,,,,,,32.68529412,
Ecuador,ECU,EC,-1.831239,-78.183406,Firms with female participation in ownership (% of firms),IC.FRM.FEMO.ZS,,,,,,,,,,,,,,,,,,,,,,,,,,,,,,,,,,,,,,,,,,,,,,,32.7,,,,24.1,,,,,,,70.4,,,
"Egypt, Arab Rep.",EGY,#N/A,#N/A,#N/A,Firms with female participation in ownership (% of firms),IC.FRM.FEMO.ZS,,,,,,,,,,,,,,,,,,,,,,,,,,,,,,,,,,,,,,,,,,,,,,,,20.9,34,,,,,16.1,,,17.8,,,,5.2
Euro area,EMU,#N/A,#N/A,#N/A,Firms with female participation in ownership (% of firms),IC.FRM.FEMO.ZS,,,,,,,,,,,,,,,,,,,,,,,,,,,,,,,,,,,,,,,,,,,,,,,,,,,,,,,,,,,,38.7,
Eritrea,ERI,ER,15.179384,39.782334,Firms with female participation in ownership (% of firms),IC.FRM.FEMO.ZS,,,,,,,,,,,,,,,,,,,,,,,,,,,,,,,,,,,,,,,,,,,,,,,,,,4.2,,,,,,,,,,,
Spain,ESP,ES,40.463667,-3.74922,Firms with female participation in ownership (% of firms),IC.FRM.FEMO.ZS,,,,,,,,,,,,,,,,,,,,,,,,,,,,,,,,,,,,,,,,,,,,,,34.1,,,,,,,,,,,,,,,
Estonia,EST,EE,58.595272,25.013607,Firms with female participation in ownership (% of firms),IC.FRM.FEMO.ZS,,,,,,,,,,,,,,,,,,,,,,,,,,,,,,,,,,,,,,,,,,,,,,28.3,,,,36.3,,,,38.3,,,,,,35.5,
Ethiopia,ETH,ET,9.145,40.489673,Firms with female participation in ownership (% of firms),IC.FRM.FEMO.ZS,,,,,,,,,,,,,,,,,,,,,,,,,,,,,,,,,,,,,,,,,,,,,,,30.9,,,,,35.3,,,,36.2,,,,,
European Union,EUU,#N/A,#N/A,#N/A,Firms with female participation in ownership (% of firms),IC.FRM.FEMO.ZS,,,,,,,,,,,,,,,,,,,,,,,,,,,,,,,,,,,,,,,,,,,,,,,,,,,,,,,,,,,,39.06470588,
Fragile and conflict affected situations,FCS,#N/A,#N/A,#N/A,Firms with female participation in ownership (% of firms),IC.FRM.FEMO.ZS,,,,,,,,,,,,,,,,,,,,,,,,,,,,,,,,,,,,,,,,,,,,,,,,,,,,,,,,,,,,25.60384615,
Finland,FIN,FI,61.92411,25.748151,Firms with female participation in ownership (% of firms),IC.FRM.FEMO.ZS,,,,,,,,,,,,,,,,,,,,,,,,,,,,,,,,,,,,,,,,,,,,,,,,,,,,,,,,,,,,,
Fiji,FJI,FJ,-16.578193,179.414413,Firms with female participation in ownership (% of firms),IC.FRM.FEMO.ZS,,,,,,,,,,,,,,,,,,,,,,,,,,,,,,,,,,,,,,,,,,,,,,,,,,49.1,,,,,,,,,,,
France,FRA,FR,46.227638,2.213749,Firms with female participation in ownership (% of firms),IC.FRM.FEMO.ZS,,,,,,,,,,,,,,,,,,,,,,,,,,,,,,,,,,,,,,,,,,,,,,,,,,,,,,,,,,,,,
Faroe Islands,FRO,FO,61.892635,-6.911806,Firms with female participation in ownership (% of firms),IC.FRM.FEMO.ZS,,,,,,,,,,,,,,,,,,,,,,,,,,,,,,,,,,,,,,,,,,,,,,,,,,,,,,,,,,,,,
"Micronesia, Fed. Sts.",FSM,#N/A,#N/A,#N/A,Firms with female participation in ownership (% of firms),IC.FRM.FEMO.ZS,,,,,,,,,,,,,,,,,,,,,,,,,,,,,,,,,,,,,,,,,,,,,,,,,,86.8,,,,,,,,,,,
Gabon,GAB,GA,-0.803689,11.609444,Firms with female participation in ownership (% of firms),IC.FRM.FEMO.ZS,,,,,,,,,,,,,,,,,,,,,,,,,,,,,,,,,,,,,,,,,,,,,,,,,,33.1,,,,,,,,,,,
United Kingdom,GBR,GB,55.378051,-3.435973,Firms with female participation in ownership (% of firms),IC.FRM.FEMO.ZS,,,,,,,,,,,,,,,,,,,,,,,,,,,,,,,,,,,,,,,,,,,,,,,,,,,,,,,,,,,,,
Georgia,GEO,GE,42.315407,43.356892,Firms with female participation in ownership (% of firms),IC.FRM.FEMO.ZS,,,,,,,,,,,,,,,,,,,,,,,,,,,,,,,,,,,,,,,,,,,,,,35.2,,,40.8,,,,,36.1,,,,,,22.4,
Ghana,GHA,GH,7.946527,-1.023194,Firms with female participation in ownership (% of firms),IC.FRM.FEMO.ZS,,,,,,,,,,,,,,,,,,,,,,,,,,,,,,,,,,,,,,,,,,,,,,,,44,,,,,,31.6,,,,,,,
Gibraltar,GIB,GI,36.137741,-5.345374,Firms with female participation in ownership (% of firms),IC.FRM.FEMO.ZS,,,,,,,,,,,,,,,,,,,,,,,,,,,,,,,,,,,,,,,,,,,,,,,,,,,,,,,,,,,,,
Guinea,GIN,GN,9.945587,-9.696645,Firms with female participation in ownership (% of firms),IC.FRM.FEMO.ZS,,,,,,,,,,,,,,,,,,,,,,,,,,,,,,,,,,,,,,,,,,,,,,,25.4,,,,,,,,,,9,,,,
"Gambia, The",GMB,#N/A,#N/A,#N/A,Firms with female participation in ownership (% of firms),IC.FRM.FEMO.ZS,,,,,,,,,,,,,,,,,,,,,,,,,,,,,,,,,,,,,,,,,,,,,,,21.3,,,,,,,,,,,,16.8,,
Guinea-Bissau,GNB,GW,11.803749,-15.180413,Firms with female participation in ownership (% of firms),IC.FRM.FEMO.ZS,,,,,,,,,,,,,,,,,,,,,,,,,,,,,,,,,,,,,,,,,,,,,,,19.9,,,,,,,,,,,,,,
Equatorial Guinea,GNQ,GQ,1.650801,10.267895,Firms with female participation in ownership (% of firms),IC.FRM.FEMO.ZS,,,,,,,,,,,,,,,,,,,,,,,,,,,,,,,,,,,,,,,,,,,,,,,,,,,,,,,,,,,,,
Greece,GRC,GR,39.074208,21.824312,Firms with female participation in ownership (% of firms),IC.FRM.FEMO.ZS,,,,,,,,,,,,,,,,,,,,,,,,,,,,,,,,,,,,,,,,,,,,,,24.4,,,,,,,,,,,,,45.9,,
Grenada,GRD,GD,12.262776,-61.604171,Firms with female participation in ownership (% of firms),IC.FRM.FEMO.ZS,,,,,,,,,,,,,,,,,,,,,,,,,,,,,,,,,,,,,,,,,,,,,,,,,,,57.3,,,,,,,,,,
Greenland,GRL,GL,71.706936,-42.604303,Firms with female participation in ownership (% of firms),IC.FRM.FEMO.ZS,,,,,,,,,,,,,,,,,,,,,,,,,,,,,,,,,,,,,,,,,,,,,,,,,,,,,,,,,,,,,
Guatemala,GTM,GT,15.783471,-90.230759,Firms with female participation in ownership (% of firms),IC.FRM.FEMO.ZS,,,,,,,,,,,,,,,,,,,,,,,,,,,,,,,,,,,,,,,,,,,,,,,28.4,,,,44.2,,,,,,,31.5,,,
Guam,GUM,GU,13.444304,144.793731,Firms with female participation in ownership (% of firms),IC.FRM.FEMO.ZS,,,,,,,,,,,,,,,,,,,,,,,,,,,,,,,,,,,,,,,,,,,,,,,,,,,,,,,,,,,,,
Guyana,GUY,GY,4.860416,-58.93018,Firms with female participation in ownership (% of firms),IC.FRM.FEMO.ZS,,,,,,,,,,,,,,,,,,,,,,,,,,,,,,,,,,,,,,,,,,,,,,,,,,,58.3,,,,,,,,,,
High income,HIC,#N/A,#N/A,#N/A,Firms with female participation in ownership (% of firms),IC.FRM.FEMO.ZS,,,,,,,,,,,,,,,,,,,,,,,,,,,,,,,,,,,,,,,,,,,,,,,,,,,,,,,,,,,,38.68,
"Hong Kong SAR, China",HKG,#N/A,#N/A,#N/A,Firms with female participation in ownership (% of firms),IC.FRM.FEMO.ZS,,,,,,,,,,,,,,,,,,,,,,,,,,,,,,,,,,,,,,,,,,,,,,,,,,,,,,,,,,,,,
Honduras,HND,HN,15.199999,-86.241905,Firms with female participation in ownership (% of firms),IC.FRM.FEMO.ZS,,,,,,,,,,,,,,,,,,,,,,,,,,,,,,,,,,,,,,,,,,,,,,,39.9,,,,43.3,,,,,,54.7,,,,
Heavily indebted poor countries (HIPC),HPC,#N/A,#N/A,#N/A,Firms with female participation in ownership (% of firms),IC.FRM.FEMO.ZS,,,,,,,,,,,,,,,,,,,,,,,,,,,,,,,,,,,,,,,,,,,,,,,,,,,,,,,,,,,,29.49032258,
Croatia,HRV,HR,45.1,15.2,Firms with female participation in ownership (% of firms),IC.FRM.FEMO.ZS,,,,,,,,,,,,,,,,,,,,,,,,,,,,,,,,,,,,,,,,,,,,,,19.2,,33.5,,,,,,36.3,,,,,,31.7,
Haiti,HTI,HT,18.971187,-72.285215,Firms with female participation in ownership (% of firms),IC.FRM.FEMO.ZS,,,,,,,,,,,,,,,,,,,,,,,,,,,,,,,,,,,,,,,,,,,,,,,,,,,,,,,,,,,,,
Hungary,HUN,HU,47.162494,19.503304,Firms with female participation in ownership (% of firms),IC.FRM.FEMO.ZS,,,,,,,,,,,,,,,,,,,,,,,,,,,,,,,,,,,,,,,,,,,,,,36.5,,,,42.4,,,,48.7,,,,,,51.9,
IBRD only,IBD,#N/A,#N/A,#N/A,Firms with female participation in ownership (% of firms),IC.FRM.FEMO.ZS,,,,,,,,,,,,,,,,,,,,,,,,,,,,,,,,,,,,,,,,,,,,,,,,,,,,,,,,,,,,36.32586207,
IDA & IBRD total,IBT,#N/A,#N/A,#N/A,Firms with female participation in ownership (% of firms),IC.FRM.FEMO.ZS,,,,,,,,,,,,,,,,,,,,,,,,,,,,,,,,,,,,,,,,,,,,,,,,,,,,,,,,,,,,33.81946903,
IDA total,IDA,#N/A,#N/A,#N/A,Firms with female participation in ownership (% of firms),IC.FRM.FEMO.ZS,,,,,,,,,,,,,,,,,,,,,,,,,,,,,,,,,,,,,,,,,,,,,,,,,,,,,,,,,,,,31.17636364,
IDA blend,IDB,#N/A,#N/A,#N/A,Firms with female participation in ownership (% of firms),IC.FRM.FEMO.ZS,,,,,,,,,,,,,,,,,,,,,,,,,,,,,,,,,,,,,,,,,,,,,,,,,,,,,,,,,,,,41.74166667,
Indonesia,IDN,ID,-0.789275,113.921327,Firms with female participation in ownership (% of firms),IC.FRM.FEMO.ZS,,,,,,,,,,,,,,,,,,,,,,,,,,,,,,,,,,,,,,,,,,,,,,,,,,42.8,,,,,,22.1,,,,,
IDA only,IDX,#N/A,#N/A,#N/A,Firms with female participation in ownership (% of firms),IC.FRM.FEMO.ZS,,,,,,,,,,,,,,,,,,,,,,,,,,,,,,,,,,,,,,,,,,,,,,,,,,,,,,,,,,,,28.22790698,
Isle of Man,IMN,IM,54.236107,-4.548056,Firms with female participation in ownership (% of firms),IC.FRM.FEMO.ZS,,,,,,,,,,,,,,,,,,,,,,,,,,,,,,,,,,,,,,,,,,,,,,,,,,,,,,,,,,,,,
India,IND,IN,20.593684,78.96288,Firms with female participation in ownership (% of firms),IC.FRM.FEMO.ZS,,,,,,,,,,,,,,,,,,,,,,,,,,,,,,,,,,,,,,,,,,,,,,,9.1,,,,,,,,10.7,,,,,,
Not classified,INX,#N/A,#N/A,#N/A,Firms with female participation in ownership (% of firms),IC.FRM.FEMO.ZS,,,,,,,,,,,,,,,,,,,,,,,,,,,,,,,,,,,,,,,,,,,,,,,,,,,,,,,,,,,,,
Ireland,IRL,IE,53.41291,-8.24389,Firms with female participation in ownership (% of firms),IC.FRM.FEMO.ZS,,,,,,,,,,,,,,,,,,,,,,,,,,,,,,,,,,,,,,,,,,,,,,41.6,,,,,,,,,,,,,,,
"Iran, Islamic Rep.",IRN,#N/A,#N/A,#N/A,Firms with female participation in ownership (% of firms),IC.FRM.FEMO.ZS,,,,,,,,,,,,,,,,,,,,,,,,,,,,,,,,,,,,,,,,,,,,,,,,,,,,,,,,,,,,,
Iraq,IRQ,IQ,33.223191,43.679291,Firms with female participation in ownership (% of firms),IC.FRM.FEMO.ZS,,,,,,,,,,,,,,,,,,,,,,,,,,,,,,,,,,,,,,,,,,,,,,,,,,,,6.8,,,,,,,,,
Iceland,ISL,IS,64.963051,-19.020835,Firms with female participation in ownership (% of firms),IC.FRM.FEMO.ZS,,,,,,,,,,,,,,,,,,,,,,,,,,,,,,,,,,,,,,,,,,,,,,,,,,,,,,,,,,,,,
Israel,ISR,IL,31.046051,34.851612,Firms with female participation in ownership (% of firms),IC.FRM.FEMO.ZS,,,,,,,,,,,,,,,,,,,,,,,,,,,,,,,,,,,,,,,,,,,,,,,,,,,,,,27.3,,,,,,,
Italy,ITA,IT,41.87194,12.56738,Firms with female participation in ownership (% of firms),IC.FRM.FEMO.ZS,,,,,,,,,,,,,,,,,,,,,,,,,,,,,,,,,,,,,,,,,,,,,,,,,,,,,,,,,,,,24,
Jamaica,JAM,JM,18.109581,-77.297508,Firms with female participation in ownership (% of firms),IC.FRM.FEMO.ZS,,,,,,,,,,,,,,,,,,,,,,,,,,,,,,,,,,,,,,,,,,,,,,,,,,,38.2,,,,,,,,,,
Jordan,JOR,JO,30.585164,36.238414,Firms with female participation in ownership (% of firms),IC.FRM.FEMO.ZS,,,,,,,,,,,,,,,,,,,,,,,,,,,,,,,,,,,,,,,,,,,,,,,13.1,,,,,,,15.7,,,,,,22.6,
Japan,JPN,JP,36.204824,138.252924,Firms with female participation in ownership (% of firms),IC.FRM.FEMO.ZS,,,,,,,,,,,,,,,,,,,,,,,,,,,,,,,,,,,,,,,,,,,,,,,,,,,,,,,,,,,,,
Kazakhstan,KAZ,KZ,48.019573,66.923684,Firms with female participation in ownership (% of firms),IC.FRM.FEMO.ZS,,,,,,,,,,,,,,,,,,,,,,,,,,,,,,,,,,,,,,,,,,,,,,29.4,,,,34.4,,,,29.6,,,,,,30.5,
Kenya,KEN,KE,-0.023559,37.906193,Firms with female participation in ownership (% of firms),IC.FRM.FEMO.ZS,,,,,,,,,,,,,,,,,,,,,,,,,,,,,,,,,,,,,,,,,,,,,,,,37.1,,,,,,48.7,,,,,47.5,,
Kyrgyz Republic,KGZ,#N/A,#N/A,#N/A,Firms with female participation in ownership (% of firms),IC.FRM.FEMO.ZS,,,,,,,,,,,,,,,,,,,,,,,,,,,,,,,,,,,,,,,,,,,,,,26.3,,,,60.4,,,,51.2,,,,,,45,
Cambodia,KHM,KH,12.565679,104.990963,Firms with female participation in ownership (% of firms),IC.FRM.FEMO.ZS,,,,,,,,,,,,,,,,,,,,,,,,,,,,,,,,,,,,,,,,,,,,,,,,,,,,,,,,,46.2,,,,
Kiribati,KIR,KI,-3.370417,-168.734039,Firms with female participation in ownership (% of firms),IC.FRM.FEMO.ZS,,,,,,,,,,,,,,,,,,,,,,,,,,,,,,,,,,,,,,,,,,,,,,,,,,,,,,,,,,,,,
St. Kitts and Nevis,KNA,#N/A,#N/A,#N/A,Firms with female participation in ownership (% of firms),IC.FRM.FEMO.ZS,,,,,,,,,,,,,,,,,,,,,,,,,,,,,,,,,,,,,,,,,,,,,,,,,,,57.8,,,,,,,,,,
"Korea, Rep.",KOR,#N/A,#N/A,#N/A,Firms with female participation in ownership (% of firms),IC.FRM.FEMO.ZS,,,,,,,,,,,,,,,,,,,,,,,,,,,,,,,,,,,,,,,,,,,,,,19.1,,,,,,,,,,,,,,,
Kuwait,KWT,KW,29.31166,47.481766,Firms with female participation in ownership (% of firms),IC.FRM.FEMO.ZS,,,,,,,,,,,,,,,,,,,,,,,,,,,,,,,,,,,,,,,,,,,,,,,,,,,,,,,,,,,,,
Latin America & Caribbean (excluding high income),LAC,#N/A,#N/A,#N/A,Firms with female participation in ownership (% of firms),IC.FRM.FEMO.ZS,,,,,,,,,,,,,,,,,,,,,,,,,,,,,,,,,,,,,,,,,,,,,,,,,,,,,,,,,,,,47.5,
Lao PDR,LAO,#N/A,#N/A,#N/A,Firms with female participation in ownership (% of firms),IC.FRM.FEMO.ZS,,,,,,,,,,,,,,,,,,,,,,,,,,,,,,,,,,,,,,,,,,,,,,,,,,39.3,,,41.9,,,,43.1,,36.5,,
Lebanon,LBN,LB,33.854721,35.862285,Firms with female participation in ownership (% of firms),IC.FRM.FEMO.ZS,,,,,,,,,,,,,,,,,,,,,,,,,,,,,,,,,,,,,,,,,,,,,,,,,,33.5,,,,43.5,,,,,,9.9,
Liberia,LBR,LR,6.428055,-9.429499,Firms with female participation in ownership (% of firms),IC.FRM.FEMO.ZS,,,,,,,,,,,,,,,,,,,,,,,,,,,,,,,,,,,,,,,,,,,,,,,,,,53,,,,,,,,37.4,,,
Libya,LBY,LY,26.3351,17.228331,Firms with female participation in ownership (% of firms),IC.FRM.FEMO.ZS,,,,,,,,,,,,,,,,,,,,,,,,,,,,,,,,,,,,,,,,,,,,,,,,,,,,,,,,,,,,,
St. Lucia,LCA,#N/A,#N/A,#N/A,Firms with female participation in ownership (% of firms),IC.FRM.FEMO.ZS,,,,,,,,,,,,,,,,,,,,,,,,,,,,,,,,,,,,,,,,,,,,,,,,,,,32.1,,,,,,,,,,
Latin America & Caribbean,LCN,#N/A,#N/A,#N/A,Firms with female participation in ownership (% of firms),IC.FRM.FEMO.ZS,,,,,,,,,,,,,,,,,,,,,,,,,,,,,,,,,,,,,,,,,,,,,,,,,,,,,,,,,,,,45.41,
Least developed countries: UN classification,LDC,#N/A,#N/A,#N/A,Firms with female participation in ownership (% of firms),IC.FRM.FEMO.ZS,,,,,,,,,,,,,,,,,,,,,,,,,,,,,,,,,,,,,,,,,,,,,,,,,,,,,,,,,,,,28.51351351,
Low income,LIC,#N/A,#N/A,#N/A,Firms with female participation in ownership (% of firms),IC.FRM.FEMO.ZS,,,,,,,,,,,,,,,,,,,,,,,,,,,,,,,,,,,,,,,,,,,,,,,,,,,,,,,,,,,,23.25,
Liechtenstein,LIE,LI,47.166,9.555373,Firms with female participation in ownership (% of firms),IC.FRM.FEMO.ZS,,,,,,,,,,,,,,,,,,,,,,,,,,,,,,,,,,,,,,,,,,,,,,,,,,,,,,,,,,,,,
Sri Lanka,LKA,LK,7.873054,80.771797,Firms with female participation in ownership (% of firms),IC.FRM.FEMO.ZS,,,,,,,,,,,,,,,,,,,,,,,,,,,,,,,,,,,,,,,,,,,,,,,,,,,,26.1,,,,,,,,,
Lower middle income,LMC,#N/A,#N/A,#N/A,Firms with female participation in ownership (% of firms),IC.FRM.FEMO.ZS,,,,,,,,,,,,,,,,,,,,,,,,,,,,,,,,,,,,,,,,,,,,,,,,,,,,,,,,,,,,35.17857143,
Low & middle income,LMY,#N/A,#N/A,#N/A,Firms with female participation in ownership (% of firms),IC.FRM.FEMO.ZS,,,,,,,,,,,,,,,,,,,,,,,,,,,,,,,,,,,,,,,,,,,,,,,,,,,,,,,,,,,,33.43809524,
Lesotho,LSO,LS,-29.609988,28.233608,Firms with female participation in ownership (% of firms),IC.FRM.FEMO.ZS,,,,,,,,,,,,,,,,,,,,,,,,,,,,,,,,,,,,,,,,,,,,,,,,,,18.4,,,,,,,39.1,,,,
Late-demographic dividend,LTE,#N/A,#N/A,#N/A,Firms with female participation in ownership (% of firms),IC.FRM.FEMO.ZS,,,,,,,,,,,,,,,,,,,,,,,,,,,,,,,,,,,,,,,,,,,,,,,,,,,,,,,,,,,,38.01388889,
Lithuania,LTU,LT,55.169438,23.881275,Firms with female participation in ownership (% of firms),IC.FRM.FEMO.ZS,,,,,,,,,,,,,,,,,,,,,,,,,,,,,,,,,,,,,,,,,,,,,33.3,26.1,,,,38.7,,,,35.7,,,,,,43.1,
Luxembourg,LUX,LU,49.815273,6.129583,Firms with female participation in ownership (% of firms),IC.FRM.FEMO.ZS,,,,,,,,,,,,,,,,,,,,,,,,,,,,,,,,,,,,,,,,,,,,,,,,,,,,,,,,,,,,,
Latvia,LVA,LV,56.879635,24.603189,Firms with female participation in ownership (% of firms),IC.FRM.FEMO.ZS,,,,,,,,,,,,,,,,,,,,,,,,,,,,,,,,,,,,,,,,,,,,,,36.3,,,,46.3,,,,41.6,,,,,,46.6,
"Macao SAR, China",MAC,#N/A,#N/A,#N/A,Firms with female participation in ownership (% of firms),IC.FRM.FEMO.ZS,,,,,,,,,,,,,,,,,,,,,,,,,,,,,,,,,,,,,,,,,,,,,,,,,,,,,,,,,,,,,
St. Martin (French part),MAF,#N/A,#N/A,#N/A,Firms with female participation in ownership (% of firms),IC.FRM.FEMO.ZS,,,,,,,,,,,,,,,,,,,,,,,,,,,,,,,,,,,,,,,,,,,,,,,,,,,,,,,,,,,,,
Morocco,MAR,MA,31.791702,-7.09262,Firms with female participation in ownership (% of firms),IC.FRM.FEMO.ZS,,,,,,,,,,,,,,,,,,,,,,,,,,,,,,,,,,,,,,,,,,,,,,,,13.1,,,,,,31.3,,,,,,16.1,
Monaco,MCO,MC,43.750298,7.412841,Firms with female participation in ownership (% of firms),IC.FRM.FEMO.ZS,,,,,,,,,,,,,,,,,,,,,,,,,,,,,,,,,,,,,,,,,,,,,,,,,,,,,,,,,,,,,
Moldova,MDA,MD,47.411631,28.369885,Firms with female participation in ownership (% of firms),IC.FRM.FEMO.ZS,,,,,,,,,,,,,,,,,,,,,,,,,,,,,,,,,,,,,,,,,,,,,,24.5,,,,53.1,,,,54.1,,,,,,39.9,
Madagascar,MDG,MG,-18.766947,46.869107,Firms with female participation in ownership (% of firms),IC.FRM.FEMO.ZS,,,,,,,,,,,,,,,,,,,,,,,,,,,,,,,,,,,,,,,,,,,,,,,,,,50,,,,41.6,,,,,,,
Maldives,MDV,MV,3.202778,73.22068,Firms with female participation in ownership (% of firms),IC.FRM.FEMO.ZS,,,,,,,,,,,,,,,,,,,,,,,,,,,,,,,,,,,,,,,,,,,,,,,,,,,,,,,,,,,,,
Middle East & North Africa,MEA,#N/A,#N/A,#N/A,Firms with female participation in ownership (% of firms),IC.FRM.FEMO.ZS,,,,,,,,,,,,,,,,,,,,,,,,,,,,,,,,,,,,,,,,,,,,,,,,,,,,,,,,,,,,18.99090909,
Mexico,MEX,MX,23.634501,-102.552784,Firms with female participation in ownership (% of firms),IC.FRM.FEMO.ZS,,,,,,,,,,,,,,,,,,,,,,,,,,,,,,,,,,,,,,,,,,,,,,,24.8,,,,25.7,,,,,,,,,,
Marshall Islands,MHL,MH,7.131474,171.184478,Firms with female participation in ownership (% of firms),IC.FRM.FEMO.ZS,,,,,,,,,,,,,,,,,,,,,,,,,,,,,,,,,,,,,,,,,,,,,,,,,,,,,,,,,,,,,
Middle income,MIC,#N/A,#N/A,#N/A,Firms with female participation in ownership (% of firms),IC.FRM.FEMO.ZS,,,,,,,,,,,,,,,,,,,,,,,,,,,,,,,,,,,,,,,,,,,,,,,,,,,,,,,,,,,,36.13855422,
North Macedonia,MKD,#N/A,#N/A,#N/A,Firms with female participation in ownership (% of firms),IC.FRM.FEMO.ZS,,,,,,,,,,,,,,,,,,,,,,,,,,,,,,,,,,,,,,,,,,,,,,18.6,,,,36.4,,,,27.7,,,,,,29.3,
Mali,MLI,ML,17.570692,-3.996166,Firms with female participation in ownership (% of firms),IC.FRM.FEMO.ZS,,,,,,,,,,,,,,,,,,,,,,,,,,,,,,,,,,,,,,,,,,,,,,,,18.3,,,58.3,,,,,,15.3,,,,
Malta,MLT,MT,35.937496,14.375416,Firms with female participation in ownership (% of firms),IC.FRM.FEMO.ZS,,,,,,,,,,,,,,,,,,,,,,,,,,,,,,,,,,,,,,,,,,,,,,,,,,,,,,,,,,,,46,
Myanmar,MMR,#N/A,#N/A,#N/A,Firms with female participation in ownership (% of firms),IC.FRM.FEMO.ZS,,,,,,,,,,,,,,,,,,,,,,,,,,,,,,,,,,,,,,,,,,,,,,,,,,,,,,,27.3,,35.1,,,,
Middle East & North Africa (excluding high income),MNA,#N/A,#N/A,#N/A,Firms with female participation in ownership (% of firms),IC.FRM.FEMO.ZS,,,,,,,,,,,,,,,,,,,,,,,,,,,,,,,,,,,,,,,,,,,,,,,,,,,,,,,,,,,,15.06666667,
Montenegro,MNE,ME,42.708678,19.37439,Firms with female participation in ownership (% of firms),IC.FRM.FEMO.ZS,,,,,,,,,,,,,,,,,,,,,,,,,,,,,,,,,,,,,,,,,,,,,,,,,,26,,,,25.6,,,,,,24,
Mongolia,MNG,MN,46.862496,103.846656,Firms with female participation in ownership (% of firms),IC.FRM.FEMO.ZS,,,,,,,,,,,,,,,,,,,,,,,,,,,,,,,,,,,,,,,,,,,,,,,,,,52,,,,36.1,,,,,,43.7,
Northern Mariana Islands,MNP,MP,17.33083,145.38469,Firms with female participation in ownership (% of firms),IC.FRM.FEMO.ZS,,,,,,,,,,,,,,,,,,,,,,,,,,,,,,,,,,,,,,,,,,,,,,,,,,,,,,,,,,,,,
Mozambique,MOZ,MZ,-18.665695,35.529562,Firms with female participation in ownership (% of firms),IC.FRM.FEMO.ZS,,,,,,,,,,,,,,,,,,,,,,,,,,,,,,,,,,,,,,,,,,,,,,,,24.4,,,,,,,,,,,28.3,,
Mauritania,MRT,MR,21.00789,-10.940835,Firms with female participation in ownership (% of firms),IC.FRM.FEMO.ZS,,,,,,,,,,,,,,,,,,,,,,,,,,,,,,,,,,,,,,,,,,,,,,,17.3,,,,,,,,15,,,,,,
Mauritius,MUS,MU,-20.348404,57.552152,Firms with female participation in ownership (% of firms),IC.FRM.FEMO.ZS,,,,,,,,,,,,,,,,,,,,,,,,,,,,,,,,,,,,,,,,,,,,,,,,,,16.9,,,,,,,,,,,
Malawi,MWI,MW,-13.254308,34.301525,Firms with female participation in ownership (% of firms),IC.FRM.FEMO.ZS,,,,,,,,,,,,,,,,,,,,,,,,,,,,,,,,,,,,,,,,,,,,,,,,,,23.9,,,,,28.1,,,,,,
Malaysia,MYS,MY,4.210484,101.975766,Firms with female participation in ownership (% of firms),IC.FRM.FEMO.ZS,,,,,,,,,,,,,,,,,,,,,,,,,,,,,,,,,,,,,,,,,,,,,,,,13.1,,,,,,,,25.4,,,,,
North America,NAC,#N/A,#N/A,#N/A,Firms with female participation in ownership (% of firms),IC.FRM.FEMO.ZS,,,,,,,,,,,,,,,,,,,,,,,,,,,,,,,,,,,,,,,,,,,,,,,,,,,,,,,,,,,,,
Namibia,NAM,NA,-22.95764,18.49041,Firms with female participation in ownership (% of firms),IC.FRM.FEMO.ZS,,,,,,,,,,,,,,,,,,,,,,,,,,,,,,,,,,,,,,,,,,,,,,,33.4,,,,,,,,41,,,,,,
New Caledonia,NCL,NC,-20.904305,165.618042,Firms with female participation in ownership (% of firms),IC.FRM.FEMO.ZS,,,,,,,,,,,,,,,,,,,,,,,,,,,,,,,,,,,,,,,,,,,,,,,,,,,,,,,,,,,,,
Niger,NER,NE,17.607789,8.081666,Firms with female participation in ownership (% of firms),IC.FRM.FEMO.ZS,,,,,,,,,,,,,,,,,,,,,,,,,,,,,,,,,,,,,,,,,,,,,,,10,,,17.6,,,,,,,,14.5,,,
Nigeria,NGA,NG,9.081999,8.675277,Firms with female participation in ownership (% of firms),IC.FRM.FEMO.ZS,,,,,,,,,,,,,,,,,,,,,,,,,,,,,,,,,,,,,,,,,,,,,,,,20,,,,,,,16.2,,,,,,
Nicaragua,NIC,NI,12.865416,-85.207229,Firms with female participation in ownership (% of firms),IC.FRM.FEMO.ZS,,,,,,,,,,,,,,,,,,,,,,,,,,,,,,,,,,,,,,,,,,,,,,,41.4,,,,61.9,,,,,,35.8,,,,
Netherlands,NLD,NL,52.132633,5.291266,Firms with female participation in ownership (% of firms),IC.FRM.FEMO.ZS,,,,,,,,,,,,,,,,,,,,,,,,,,,,,,,,,,,,,,,,,,,,,,,,,,,,,,,,,,,,,
Norway,NOR,NO,60.472024,8.468946,Firms with female participation in ownership (% of firms),IC.FRM.FEMO.ZS,,,,,,,,,,,,,,,,,,,,,,,,,,,,,,,,,,,,,,,,,,,,,,,,,,,,,,,,,,,,,
Nepal,NPL,NP,28.394857,84.124008,Firms with female participation in ownership (% of firms),IC.FRM.FEMO.ZS,,,,,,,,,,,,,,,,,,,,,,,,,,,,,,,,,,,,,,,,,,,,,,,,,,27.3,,,,21.8,,,,,,,
Nauru,NRU,NR,-0.522778,166.931503,Firms with female participation in ownership (% of firms),IC.FRM.FEMO.ZS,,,,,,,,,,,,,,,,,,,,,,,,,,,,,,,,,,,,,,,,,,,,,,,,,,,,,,,,,,,,,
New Zealand,NZL,NZ,-40.900557,174.885971,Firms with female participation in ownership (% of firms),IC.FRM.FEMO.ZS,,,,,,,,,,,,,,,,,,,,,,,,,,,,,,,,,,,,,,,,,,,,,,,,,,,,,,,,,,,,,
OECD members,OED,#N/A,#N/A,#N/A,Firms with female participation in ownership (% of firms),IC.FRM.FEMO.ZS,,,,,,,,,,,,,,,,,,,,,,,,,,,,,,,,,,,,,,,,,,,,,,,,,,,,,,,,,,,,36.94117647,
Oman,OMN,OM,21.512583,55.923255,Firms with female participation in ownership (% of firms),IC.FRM.FEMO.ZS,,,,,,,,,,,,,,,,,,,,,,,,,,,,,,,,,,,,,,,,,,,,,,,,,,,,,,,,,,,,,
Other small states,OSS,#N/A,#N/A,#N/A,Firms with female participation in ownership (% of firms),IC.FRM.FEMO.ZS,,,,,,,,,,,,,,,,,,,,,,,,,,,,,,,,,,,,,,,,,,,,,,,,,,,,,,,,,,,,39.06666667,
Pakistan,PAK,PK,30.375321,69.345116,Firms with female participation in ownership (% of firms),IC.FRM.FEMO.ZS,,,,,,,,,,,,,,,,,,,,,,,,,,,,,,,,,,,,,,,,,,,,,,,,6.7,,,,,,11.8,,,,,,,
Panama,PAN,PA,8.537981,-80.782127,Firms with female participation in ownership (% of firms),IC.FRM.FEMO.ZS,,,,,,,,,,,,,,,,,,,,,,,,,,,,,,,,,,,,,,,,,,,,,,,37.1,,,,24.7,,,,,,,,,,
Peru,PER,PE,-9.189967,-75.015152,Firms with female participation in ownership (% of firms),IC.FRM.FEMO.ZS,,,,,,,,,,,,,,,,,,,,,,,,,,,,,,,,,,,,,,,,,,,,,,,32.8,,,,28.7,,,,,,,56.6,,,
Philippines,PHL,PH,12.879721,121.774017,Firms with female participation in ownership (% of firms),IC.FRM.FEMO.ZS,,,,,,,,,,,,,,,,,,,,,,,,,,,,,,,,,,,,,,,,,,,,,,,,,,69.4,,,,,,69.2,,,,,
Palau,PLW,PW,7.51498,134.58252,Firms with female participation in ownership (% of firms),IC.FRM.FEMO.ZS,,,,,,,,,,,,,,,,,,,,,,,,,,,,,,,,,,,,,,,,,,,,,,,,,,,,,,,,,,,,,
Papua New Guinea,PNG,PG,-6.314993,143.95555,Firms with female participation in ownership (% of firms),IC.FRM.FEMO.ZS,,,,,,,,,,,,,,,,,,,,,,,,,,,,,,,,,,,,,,,,,,,,,,,,,,,,,,,,46.5,,,,,
Poland,POL,PL,51.919438,19.145136,Firms with female participation in ownership (% of firms),IC.FRM.FEMO.ZS,,,,,,,,,,,,,,,,,,,,,,,,,,,,,,,,,,,,,,,,,,,,,,30.7,,,,47.9,,,,40.2,,,,,,37,
Pre-demographic dividend,PRE,#N/A,#N/A,#N/A,Firms with female participation in ownership (% of firms),IC.FRM.FEMO.ZS,,,,,,,,,,,,,,,,,,,,,,,,,,,,,,,,,,,,,,,,,,,,,,,,,,,,,,,,,,,,27.19666667,
Puerto Rico,PRI,PR,18.220833,-66.590149,Firms with female participation in ownership (% of firms),IC.FRM.FEMO.ZS,,,,,,,,,,,,,,,,,,,,,,,,,,,,,,,,,,,,,,,,,,,,,,,,,,,,,,,,,,,,,
"Korea, Dem. People’s Rep.",PRK,#N/A,#N/A,#N/A,Firms with female participation in ownership (% of firms),IC.FRM.FEMO.ZS,,,,,,,,,,,,,,,,,,,,,,,,,,,,,,,,,,,,,,,,,,,,,,,,,,,,,,,,,,,,,
Portugal,PRT,PT,39.399872,-8.224454,Firms with female participation in ownership (% of firms),IC.FRM.FEMO.ZS,,,,,,,,,,,,,,,,,,,,,,,,,,,,,,,,,,,,,,,,,,,,,,50.8,,,,,,,,,,,,,,37.8,
Paraguay,PRY,PY,-23.442503,-58.443832,Firms with female participation in ownership (% of firms),IC.FRM.FEMO.ZS,,,,,,,,,,,,,,,,,,,,,,,,,,,,,,,,,,,,,,,,,,,,,,,44.8,,,,51.6,,,,,,,66.2,,,
West Bank and Gaza,PSE,#N/A,#N/A,#N/A,Firms with female participation in ownership (% of firms),IC.FRM.FEMO.ZS,,,,,,,,,,,,,,,,,,,,,,,,,,,,,,,,,,,,,,,,,,,,,,,18,,,,,,,10.7,,,,,,6,
Pacific island small states,PSS,#N/A,#N/A,#N/A,Firms with female participation in ownership (% of firms),IC.FRM.FEMO.ZS,,,,,,,,,,,,,,,,,,,,,,,,,,,,,,,,,,,,,,,,,,,,,,,,,,,,,,,,,,,,47.4,
Post-demographic dividend,PST,#N/A,#N/A,#N/A,Firms with female participation in ownership (% of firms),IC.FRM.FEMO.ZS,,,,,,,,,,,,,,,,,,,,,,,,,,,,,,,,,,,,,,,,,,,,,,,,,,,,,,,,,,,,38.275,
French Polynesia,PYF,PF,-17.679742,-149.406843,Firms with female participation in ownership (% of firms),IC.FRM.FEMO.ZS,,,,,,,,,,,,,,,,,,,,,,,,,,,,,,,,,,,,,,,,,,,,,,,,,,,,,,,,,,,,,
Qatar,QAT,QA,25.354826,51.183884,Firms with female participation in ownership (% of firms),IC.FRM.FEMO.ZS,,,,,,,,,,,,,,,,,,,,,,,,,,,,,,,,,,,,,,,,,,,,,,,,,,,,,,,,,,,,,
Romania,ROU,RO,45.943161,24.96676,Firms with female participation in ownership (% of firms),IC.FRM.FEMO.ZS,,,,,,,,,,,,,,,,,,,,,,,,,,,,,,,,,,,,,,,,,,,,,,26.1,,,,47.9,,,,47.2,,,,,,32.4,
Russian Federation,RUS,#N/A,#N/A,#N/A,Firms with female participation in ownership (% of firms),IC.FRM.FEMO.ZS,,,,,,,,,,,,,,,,,,,,,,,,,,,,,,,,,,,,,,,,,,,,,,23.9,,,,33.1,,,28.5,,,,,,,34,
Rwanda,RWA,RW,-1.940278,29.873888,Firms with female participation in ownership (% of firms),IC.FRM.FEMO.ZS,,,,,,,,,,,,,,,,,,,,,,,,,,,,,,,,,,,,,,,,,,,,,,,41,,,,,42.7,,,,,,,,26.5,
South Asia,SAS,#N/A,#N/A,#N/A,Firms with female participation in ownership (% of firms),IC.FRM.FEMO.ZS,,,,,,,,,,,,,,,,,,,,,,,,,,,,,,,,,,,,,,,,,,,,,,,,,,,,,,,,,,,,18.37142857,
Saudi Arabia,SAU,SA,23.885942,45.079162,Firms with female participation in ownership (% of firms),IC.FRM.FEMO.ZS,,,,,,,,,,,,,,,,,,,,,,,,,,,,,,,,,,,,,,,,,,,,,,,,,,,,,,,,,,,,,
Sudan,SDN,SD,12.862807,30.217636,Firms with female participation in ownership (% of firms),IC.FRM.FEMO.ZS,,,,,,,,,,,,,,,,,,,,,,,,,,,,,,,,,,,,,,,,,,,,,,,,,,,,,,,8.2,,,,,,
Senegal,SEN,SN,14.497401,-14.452362,Firms with female participation in ownership (% of firms),IC.FRM.FEMO.ZS,,,,,,,,,,,,,,,,,,,,,,,,,,,,,,,,,,,,,,,,,,,,,,,,26.3,,,,,,,22.9,,,,,,
Singapore,SGP,SG,1.352083,103.819836,Firms with female participation in ownership (% of firms),IC.FRM.FEMO.ZS,,,,,,,,,,,,,,,,,,,,,,,,,,,,,,,,,,,,,,,,,,,,,,,,,,,,,,,,,,,,,
Solomon Islands,SLB,SB,-9.64571,160.156194,Firms with female participation in ownership (% of firms),IC.FRM.FEMO.ZS,,,,,,,,,,,,,,,,,,,,,,,,,,,,,,,,,,,,,,,,,,,,,,,,,,,,,,,,47.4,,,,,
Sierra Leone,SLE,SL,8.460555,-11.779889,Firms with female participation in ownership (% of firms),IC.FRM.FEMO.ZS,,,,,,,,,,,,,,,,,,,,,,,,,,,,,,,,,,,,,,,,,,,,,,,,,,7.9,,,,,,,,18.8,,,
El Salvador,SLV,SV,13.794185,-88.89653,Firms with female participation in ownership (% of firms),IC.FRM.FEMO.ZS,,,,,,,,,,,,,,,,,,,,,,,,,,,,,,,,,,,,,,,,,,,,,,,39.6,,,,40.2,,,,,,38.4,,,,
San Marino,SMR,SM,43.94236,12.457777,Firms with female participation in ownership (% of firms),IC.FRM.FEMO.ZS,,,,,,,,,,,,,,,,,,,,,,,,,,,,,,,,,,,,,,,,,,,,,,,,,,,,,,,,,,,,,
Somalia,SOM,SO,5.152149,46.199616,Firms with female participation in ownership (% of firms),IC.FRM.FEMO.ZS,,,,,,,,,,,,,,,,,,,,,,,,,,,,,,,,,,,,,,,,,,,,,,,,,,,,,,,,,,,,,
Serbia,SRB,RS,44.016521,21.005859,Firms with female participation in ownership (% of firms),IC.FRM.FEMO.ZS,,,,,,,,,,,,,,,,,,,,,,,,,,,,,,,,,,,,,,,,,,,,,,23,,,,28.8,,,,34.9,,,,,,28.5,
Sub-Saharan Africa (excluding high income),SSA,#N/A,#N/A,#N/A,Firms with female participation in ownership (% of firms),IC.FRM.FEMO.ZS,,,,,,,,,,,,,,,,,,,,,,,,,,,,,,,,,,,,,,,,,,,,,,,,,,,,,,,,,,,,30.02,
South Sudan,SSD,#N/A,#N/A,#N/A,Firms with female participation in ownership (% of firms),IC.FRM.FEMO.ZS,,,,,,,,,,,,,,,,,,,,,,,,,,,,,,,,,,,,,,,,,,,,,,,,,,,,,,,21.9,,,,,,
Sub-Saharan Africa,SSF,#N/A,#N/A,#N/A,Firms with female participation in ownership (% of firms),IC.FRM.FEMO.ZS,,,,,,,,,,,,,,,,,,,,,,,,,,,,,,,,,,,,,,,,,,,,,,,,,,,,,,,,,,,,30.02,
Small states,SST,#N/A,#N/A,#N/A,Firms with female participation in ownership (% of firms),IC.FRM.FEMO.ZS,,,,,,,,,,,,,,,,,,,,,,,,,,,,,,,,,,,,,,,,,,,,,,,,,,,,,,,,,,,,42.62307692,
Sao Tome and Principe,STP,#N/A,#N/A,#N/A,Firms with female participation in ownership (% of firms),IC.FRM.FEMO.ZS,,,,,,,,,,,,,,,,,,,,,,,,,,,,,,,,,,,,,,,,,,,,,,,,,,,,,,,,,,,,,
Suriname,SUR,SR,3.919305,-56.027783,Firms with female participation in ownership (% of firms),IC.FRM.FEMO.ZS,,,,,,,,,,,,,,,,,,,,,,,,,,,,,,,,,,,,,,,,,,,,,,,,,,,18.3,,,,,,,,32.7,,
Slovak Republic,SVK,#N/A,#N/A,#N/A,Firms with female participation in ownership (% of firms),IC.FRM.FEMO.ZS,,,,,,,,,,,,,,,,,,,,,,,,,,,,,,,,,,,,,,,,,,,,,,11.8,,,,29.6,,,,29.7,,,,,,28.9,
Slovenia,SVN,SI,46.151241,14.995463,Firms with female participation in ownership (% of firms),IC.FRM.FEMO.ZS,,,,,,,,,,,,,,,,,,,,,,,,,,,,,,,,,,,,,,,,,,,,,,29.1,,,,42.2,,,,38.5,,,,,,34.1,
Sweden,SWE,SE,60.128161,18.643501,Firms with female participation in ownership (% of firms),IC.FRM.FEMO.ZS,,,,,,,,,,,,,,,,,,,,,,,,,,,,,,,,,,,,,,,,,,,,,,,,,,,,,,,52.5,,,,,,
Eswatini,SWZ,#N/A,#N/A,#N/A,Firms with female participation in ownership (% of firms),IC.FRM.FEMO.ZS,,,,,,,,,,,,,,,,,,,,,,,,,,,,,,,,,,,,,,,,,,,,,,,28.6,,,,,,,,,,36,,,,
Sint Maarten (Dutch part),SXM,#N/A,#N/A,#N/A,Firms with female participation in ownership (% of firms),IC.FRM.FEMO.ZS,,,,,,,,,,,,,,,,,,,,,,,,,,,,,,,,,,,,,,,,,,,,,,,,,,,,,,,,,,,,,
Seychelles,SYC,SC,-4.679574,55.491977,Firms with female participation in ownership (% of firms),IC.FRM.FEMO.ZS,,,,,,,,,,,,,,,,,,,,,,,,,,,,,,,,,,,,,,,,,,,,,,,,,,,,,,,,,,,,,
Syrian Arab Republic,SYR,#N/A,#N/A,#N/A,Firms with female participation in ownership (% of firms),IC.FRM.FEMO.ZS,,,,,,,,,,,,,,,,,,,,,,,,,,,,,,,,,,,,,,,,,,,,,,,,,,14.4,,,,,,,,,,,
Turks and Caicos Islands,TCA,TC,21.694025,-71.797928,Firms with female participation in ownership (% of firms),IC.FRM.FEMO.ZS,,,,,,,,,,,,,,,,,,,,,,,,,,,,,,,,,,,,,,,,,,,,,,,,,,,,,,,,,,,,,
Chad,TCD,TD,15.454166,18.732207,Firms with female participation in ownership (% of firms),IC.FRM.FEMO.ZS,,,,,,,,,,,,,,,,,,,,,,,,,,,,,,,,,,,,,,,,,,,,,,,,,,40.1,,,,,,,,,13.1,,
East Asia & Pacific (IDA & IBRD countries),TEA,#N/A,#N/A,#N/A,Firms with female participation in ownership (% of firms),IC.FRM.FEMO.ZS,,,,,,,,,,,,,,,,,,,,,,,,,,,,,,,,,,,,,,,,,,,,,,,,,,,,,,,,,,,,47.4,
Europe & Central Asia (IDA & IBRD countries),TEC,#N/A,#N/A,#N/A,Firms with female participation in ownership (% of firms),IC.FRM.FEMO.ZS,,,,,,,,,,,,,,,,,,,,,,,,,,,,,,,,,,,,,,,,,,,,,,,,,,,,,,,,,,,,28.90909091,
Togo,TGO,TG,8.619543,0.824782,Firms with female participation in ownership (% of firms),IC.FRM.FEMO.ZS,,,,,,,,,,,,,,,,,,,,,,,,,,,,,,,,,,,,,,,,,,,,,,,,,,31.8,,,,,,,25.3,,,,
Thailand,THA,TH,15.870032,100.992541,Firms with female participation in ownership (% of firms),IC.FRM.FEMO.ZS,,,,,,,,,,,,,,,,,,,,,,,,,,,,,,,,,,,,,,,,,,,,,,,,,,,,,,,,,64.4,,,,
Tajikistan,TJK,TJ,38.861034,71.276093,Firms with female participation in ownership (% of firms),IC.FRM.FEMO.ZS,,,,,,,,,,,,,,,,,,,,,,,,,,,,,,,,,,,,,,,,,,,,,,14.4,,,34.4,,,,,32.5,,,,,,22.7,
Turkmenistan,TKM,TM,38.969719,59.556278,Firms with female participation in ownership (% of firms),IC.FRM.FEMO.ZS,,,,,,,,,,,,,,,,,,,,,,,,,,,,,,,,,,,,,,,,,,,,,,,,,,,,,,,,,,,,,
Latin America & the Caribbean (IDA & IBRD countries),TLA,#N/A,#N/A,#N/A,Firms with female participation in ownership (% of firms),IC.FRM.FEMO.ZS,,,,,,,,,,,,,,,,,,,,,,,,,,,,,,,,,,,,,,,,,,,,,,,,,,,,,,,,,,,,45.01785714,
Timor-Leste,TLS,TL,-8.874217,125.727539,Firms with female participation in ownership (% of firms),IC.FRM.FEMO.ZS,,,,,,,,,,,,,,,,,,,,,,,,,,,,,,,,,,,,,,,,,,,,,,,,,,42.9,,,,,,64.4,,,,,
Middle East & North Africa (IDA & IBRD countries),TMN,#N/A,#N/A,#N/A,Firms with female participation in ownership (% of firms),IC.FRM.FEMO.ZS,,,,,,,,,,,,,,,,,,,,,,,,,,,,,,,,,,,,,,,,,,,,,,,,,,,,,,,,,,,,16.2,
Tonga,TON,TO,-21.178986,-175.198242,Firms with female participation in ownership (% of firms),IC.FRM.FEMO.ZS,,,,,,,,,,,,,,,,,,,,,,,,,,,,,,,,,,,,,,,,,,,,,,,,,,65.3,,,,,,,,,,,
South Asia (IDA & IBRD),TSA,#N/A,#N/A,#N/A,Firms with female participation in ownership (% of firms),IC.FRM.FEMO.ZS,,,,,,,,,,,,,,,,,,,,,,,,,,,,,,,,,,,,,,,,,,,,,,,,,,,,,,,,,,,,18.37142857,
Sub-Saharan Africa (IDA & IBRD countries),TSS,#N/A,#N/A,#N/A,Firms with female participation in ownership (% of firms),IC.FRM.FEMO.ZS,,,,,,,,,,,,,,,,,,,,,,,,,,,,,,,,,,,,,,,,,,,,,,,,,,,,,,,,,,,,30.02,
Trinidad and Tobago,TTO,TT,10.691803,-61.222503,Firms with female participation in ownership (% of firms),IC.FRM.FEMO.ZS,,,,,,,,,,,,,,,,,,,,,,,,,,,,,,,,,,,,,,,,,,,,,,,,,,,45.1,,,,,,,,,,
Tunisia,TUN,TN,33.886917,9.537499,Firms with female participation in ownership (% of firms),IC.FRM.FEMO.ZS,,,,,,,,,,,,,,,,,,,,,,,,,,,,,,,,,,,,,,,,,,,,,,,,,,,,,,49.5,,,,,,,40.1
Turkey,TUR,TR,38.963745,35.243322,Firms with female participation in ownership (% of firms),IC.FRM.FEMO.ZS,,,,,,,,,,,,,,,,,,,,,,,,,,,,,,,,,,,,,,,,,,,,,9,11.4,,,40.7,,,,,25.1,,,,,,11.3,
Tuvalu,TUV,TV,-7.109535,177.64933,Firms with female participation in ownership (% of firms),IC.FRM.FEMO.ZS,,,,,,,,,,,,,,,,,,,,,,,,,,,,,,,,,,,,,,,,,,,,,,,,,,,,,,,,,,,,,
Tanzania,TZA,TZ,-6.369028,34.888822,Firms with female participation in ownership (% of firms),IC.FRM.FEMO.ZS,,,,,,,,,,,,,,,,,,,,,,,,,,,,,,,,,,,,,,,,,,,,,,,30.9,,,,,,,24.7,,,,,,,
Uganda,UGA,UG,1.373333,32.290275,Firms with female participation in ownership (% of firms),IC.FRM.FEMO.ZS,,,,,,,,,,,,,,,,,,,,,,,,,,,,,,,,,,,,,,,,,,,,,,,34.7,,,,,,,26.6,,,,,,,
Ukraine,UKR,UA,48.379433,31.16558,Firms with female participation in ownership (% of firms),IC.FRM.FEMO.ZS,,,,,,,,,,,,,,,,,,,,,,,,,,,,,,,,,,,,,,,,,,,,,,27.1,,,47.1,,,,,32.2,,,,,,38.6,
Upper middle income,UMC,#N/A,#N/A,#N/A,Firms with female participation in ownership (% of firms),IC.FRM.FEMO.ZS,,,,,,,,,,,,,,,,,,,,,,,,,,,,,,,,,,,,,,,,,,,,,,,,,,,,,,,,,,,,37.12195122,
Uruguay,URY,UY,-32.522779,-55.765835,Firms with female participation in ownership (% of firms),IC.FRM.FEMO.ZS,,,,,,,,,,,,,,,,,,,,,,,,,,,,,,,,,,,,,,,,,,,,,,,41.6,,,,23.1,,,,,,,37,,,
United States,USA,US,37.09024,-95.712891,Firms with female participation in ownership (% of firms),IC.FRM.FEMO.ZS,,,,,,,,,,,,,,,,,,,,,,,,,,,,,,,,,,,,,,,,,,,,,,,,,,,,,,,,,,,,,
Uzbekistan,UZB,UZ,41.377491,64.585262,Firms with female participation in ownership (% of firms),IC.FRM.FEMO.ZS,,,,,,,,,,,,,,,,,,,,,,,,,,,,,,,,,,,,,,,,,,,,,,14.5,,,39.8,,,,,29,,,,,,25.9,
St. Vincent and the Grenadines,VCT,#N/A,#N/A,#N/A,Firms with female participation in ownership (% of firms),IC.FRM.FEMO.ZS,,,,,,,,,,,,,,,,,,,,,,,,,,,,,,,,,,,,,,,,,,,,,,,,,,,76,,,,,,,,,,
"Venezuela, RB",VEN,#N/A,#N/A,#N/A,Firms with female participation in ownership (% of firms),IC.FRM.FEMO.ZS,,,,,,,,,,,,,,,,,,,,,,,,,,,,,,,,,,,,,,,,,,,,,,,,,,,30.7,,,,,,,,,,
British Virgin Islands,VGB,VG,18.420695,-64.639968,Firms with female participation in ownership (% of firms),IC.FRM.FEMO.ZS,,,,,,,,,,,,,,,,,,,,,,,,,,,,,,,,,,,,,,,,,,,,,,,,,,,,,,,,,,,,,
Virgin Islands (U.S.),VIR,#N/A,#N/A,#N/A,Firms with female participation in ownership (% of firms),IC.FRM.FEMO.ZS,,,,,,,,,,,,,,,,,,,,,,,,,,,,,,,,,,,,,,,,,,,,,,,,,,,,,,,,,,,,,
Vietnam,VNM,VN,14.058324,108.277199,Firms with female participation in ownership (% of firms),IC.FRM.FEMO.ZS,,,,,,,,,,,,,,,,,,,,,,,,,,,,,,,,,,,,,,,,,,,,,,,,,,59.2,,,,,,51.1,,,,,
Vanuatu,VUT,VU,-15.376706,166.959158,Firms with female participation in ownership (% of firms),IC.FRM.FEMO.ZS,,,,,,,,,,,,,,,,,,,,,,,,,,,,,,,,,,,,,,,,,,,,,,,,,,51.4,,,,,,,,,,,
World,WLD,#N/A,#N/A,#N/A,Firms with female participation in ownership (% of firms),IC.FRM.FEMO.ZS,,,,,,,,,,,,,,,,,,,,,,,,,,,,,,,,,,,,,,,,,,,,,,,,,,,,,,,,,,,,34.44615385,
Samoa,WSM,WS,-13.759029,-172.104629,Firms with female participation in ownership (% of firms),IC.FRM.FEMO.ZS,,,,,,,,,,,,,,,,,,,,,,,,,,,,,,,,,,,,,,,,,,,,,,,,,,79.8,,,,,,,,,,,
Kosovo,XKX,XK,42.602636,20.902977,Firms with female participation in ownership (% of firms),IC.FRM.FEMO.ZS,,,,,,,,,,,,,,,,,,,,,,,,,,,,,,,,,,,,,,,,,,,,,,,,,,10.9,,,,13.2,,,,,,7.3,
"Yemen, Rep.",YEM,#N/A,#N/A,#N/A,Firms with female participation in ownership (% of firms),IC.FRM.FEMO.ZS,,,,,,,,,,,,,,,,,,,,,,,,,,,,,,,,,,,,,,,,,,,,,,,,,,,6.4,,,6.6,,,,,,,
South Africa,ZAF,ZA,-30.559482,22.937506,Firms with female participation in ownership (% of firms),IC.FRM.FEMO.ZS,,,,,,,,,,,,,,,,,,,,,,,,,,,,,,,,,,,,,,,,,,,,,,,,22.6,,,,,,,,,,,,,
Zambia,ZMB,ZM,-13.133897,27.849332,Firms with female participation in ownership (% of firms),IC.FRM.FEMO.ZS,,,,,,,,,,,,,,,,,,,,,,,,,,,,,,,,,,,,,,,,,,,,,,,,37.2,,,,,,43.7,,,,,,41.5,
Zimbabwe,ZWE,ZW,-19.015438,29.154857,Firms with female participation in ownership (% of firms),IC.FRM.FEMO.ZS,,,,,,,,,,,,,,,,,,,,,,,,,,,,,,,,,,,,,,,,,,,,,,,,,,,,56.2,,,,,42.5,,,,